DateTime,TotalBalance,CurrentBalance,ProfitLoss,LatestPrice,Direction,NetBalance,NetPrice,StrategyReturn,SP500_Return
2021-05-12,10000000.0,10000000.0,0.0,4074.98999,No_Position,1.0,1.0,0.0,0.0
2021-05-13,10000000.0,10000000.0,0.0,4129.580078,No_Position,1.0,1.01,0.0,0.01
2021-05-14,10000000.0,10000000.0,0.0,4169.919922,No_Position,1.0,1.02,0.0,0.02
2021-05-17,10000000.0,10000000.0,0.0,4165.939941,No_Position,1.0,1.02,0.0,0.02
2021-05-18,10000000.0,10000000.0,0.0,4098.450195,No_Position,1.0,1.01,0.0,0.01
2021-05-19,10000000.0,10000000.0,0.0,4121.970215,No_Position,1.0,1.01,0.0,0.01
2021-05-20,10000000.0,10000000.0,0.0,4168.609863,No_Position,1.0,1.02,0.0,0.02
2021-05-21,10000000.0,10000000.0,0.0,4170.160156,No_Position,1.0,1.02,0.0,0.02
2021-05-24,10000000.0,10000000.0,0.0,4205.939941,No_Position,1.0,1.03,0.0,0.03
2021-05-25,10000000.0,10000000.0,0.0,4191.589844,No_Position,1.0,1.03,0.0,0.03
2021-05-26,10000000.0,10000000.0,0.0,4201.939941,No_Position,1.0,1.03,0.0,0.03
2021-05-27,10000000.0,10000000.0,0.0,4210.77002,No_Position,1.0,1.03,0.0,0.03
2021-05-28,10000000.0,10000000.0,0.0,4216.52002,No_Position,1.0,1.03,0.0,0.03
2021-06-01,10000000.0,10000000.0,0.0,4206.819824,No_Position,1.0,1.03,0.0,0.03
2021-06-02,10000000.0,10000000.0,0.0,4191.430176,No_Position,1.0,1.03,0.0,0.03
2021-06-03,10000000.0,10000000.0,0.0,4206.049805,No_Position,1.0,1.03,0.0,0.03
2021-06-04,10000000.0,10000000.0,0.0,4229.339844,No_Position,1.0,1.04,0.0,0.04
2021-06-07,10000000.0,10000000.0,0.0,4233.810059,No_Position,1.0,1.04,0.0,0.04
2021-06-08,10000000.0,10000000.0,0.0,4232.990234,No_Position,1.0,1.04,0.0,0.04
2021-06-09,10000000.0,10000000.0,0.0,4228.560059,No_Position,1.0,1.04,0.0,0.04
2021-06-10,10000000.0,10000000.0,0.0,4242.899902,No_Position,1.0,1.04,0.0,0.04
2021-06-11,10000000.0,10000000.0,0.0,4248.310059,No_Position,1.0,1.04,0.0,0.04
2021-06-14,10000000.0,10000000.0,0.0,4255.279785,No_Position,1.0,1.04,0.0,0.04
2021-06-15,10000000.0,10000000.0,0.0,4248.870117,No_Position,1.0,1.04,0.0,0.04
2021-06-16,10000000.0,10000000.0,0.0,4220.370117,No_Position,1.0,1.04,0.0,0.04
2021-06-17,10000000.0,10000000.0,0.0,4204.779785,No_Position,1.0,1.03,0.0,0.03
2021-06-18,10000000.0,10000000.0,0.0,4173.399902,No_Position,1.0,1.02,0.0,0.02
2021-06-21,10000000.0,10000000.0,0.0,4224.609863,No_Position,1.0,1.04,0.0,0.04
2021-06-22,10000000.0,10000000.0,0.0,4249.27002,No_Position,1.0,1.04,0.0,0.04
2021-06-23,10000000.0,10000000.0,0.0,4256.970215,No_Position,1.0,1.04,0.0,0.04
2021-06-24,10000000.0,10000000.0,0.0,4274.450195,No_Position,1.0,1.05,0.0,0.05
2021-06-25,10000000.0,10000000.0,0.0,4284.899902,No_Position,1.0,1.05,0.0,0.05
2021-06-28,10000000.0,10000000.0,0.0,4293.209961,No_Position,1.0,1.05,0.0,0.05
2021-06-29,10000000.0,10000000.0,0.0,4290.649902,No_Position,1.0,1.05,0.0,0.05
2021-06-30,10000000.0,10000000.0,0.0,4300.72998,No_Position,1.0,1.06,0.0,0.06
2021-07-01,10000000.0,10000000.0,0.0,4326.600098,No_Position,1.0,1.06,0.0,0.06
2021-07-02,10000000.0,10000000.0,0.0,4356.459961,No_Position,1.0,1.07,0.0,0.07
2021-07-06,10000000.0,10000000.0,0.0,4351.009766,No_Position,1.0,1.07,0.0,0.07
2021-07-07,10000000.0,10000000.0,0.0,4321.069824,No_Position,1.0,1.06,0.0,0.06
2021-07-08,10000000.0,10000000.0,0.0,4329.379883,No_Position,1.0,1.06,0.0,0.06
2021-07-09,10000000.0,10000000.0,0.0,4372.410156,No_Position,1.0,1.07,0.0,0.07
2021-07-12,10000000.0,10000000.0,0.0,4381.069824,No_Position,1.0,1.08,0.0,0.08
2021-07-13,10000000.0,10000000.0,0.0,4380.109863,No_Position,1.0,1.07,0.0,0.07
2021-07-14,10000000.0,10000000.0,0.0,4369.02002,No_Position,1.0,1.07,0.0,0.07
2021-07-15,10000000.0,10000000.0,0.0,4367.430176,No_Position,1.0,1.07,0.0,0.07
2021-07-16,10000000.0,10000000.0,0.0,4296.399902,No_Position,1.0,1.05,0.0,0.05
2021-07-19,10000000.0,10000000.0,0.0,4265.109863,No_Position,1.0,1.05,0.0,0.05
2021-07-20,10000000.0,10000000.0,0.0,4331.129883,No_Position,1.0,1.06,0.0,0.06
2021-07-21,10000000.0,10000000.0,0.0,4361.27002,No_Position,1.0,1.07,0.0,0.07
2021-07-22,10000000.0,10000000.0,0.0,4381.200195,No_Position,1.0,1.08,0.0,0.08
2021-07-23,10000000.0,10000000.0,0.0,4409.580078,No_Position,1.0,1.08,0.0,0.08
2021-07-26,10000000.0,10000000.0,0.0,4416.379883,No_Position,1.0,1.08,0.0,0.08
2021-07-27,10000000.0,10000000.0,0.0,4402.950195,No_Position,1.0,1.08,0.0,0.08
2021-07-28,10000000.0,10000000.0,0.0,4403.589844,No_Position,1.0,1.08,0.0,0.08
2021-07-29,10000000.0,10000000.0,0.0,4395.120117,No_Position,1.0,1.08,0.0,0.08
2021-07-30,10000000.0,10000000.0,0.0,4406.859863,No_Position,1.0,1.08,0.0,0.08
2021-08-02,10000000.0,10000000.0,0.0,4392.740234,No_Position,1.0,1.08,0.0,0.08
2021-08-03,10000000.0,10000000.0,0.0,4415.950195,No_Position,1.0,1.08,0.0,0.08
2021-08-04,10000000.0,10000000.0,0.0,4408.859863,No_Position,1.0,1.08,0.0,0.08
2021-08-05,10000000.0,10000000.0,0.0,4429.069824,No_Position,1.0,1.09,0.0,0.09
2021-08-06,10000000.0,10000000.0,0.0,4437.77002,No_Position,1.0,1.09,0.0,0.09
2021-08-09,10000000.0,10000000.0,0.0,4435.790039,No_Position,1.0,1.09,0.0,0.09
2021-08-10,10000000.0,10000000.0,0.0,4442.180176,No_Position,1.0,1.09,0.0,0.09
2021-08-11,10000000.0,10000000.0,0.0,4446.080078,No_Position,1.0,1.09,0.0,0.09
2021-08-12,10000000.0,10000000.0,0.0,4464.839844,No_Position,1.0,1.1,0.0,0.1
2021-08-13,10000000.0,10000000.0,0.0,4461.649902,No_Position,1.0,1.09,0.0,0.09
2021-08-16,10000000.0,10000000.0,0.0,4462.120117,No_Position,1.0,1.1,0.0,0.1
2021-08-17,10000000.0,10000000.0,0.0,4440.939941,No_Position,1.0,1.09,0.0,0.09
2021-08-18,10000000.0,10000000.0,0.0,4382.439941,Long,1.0,1.08,0.0,0.08
2021-08-19,10064141.989158,10000000.0,64141.98915800166,4410.560059,Long,1.01,1.08,0.01,0.08
2021-08-20,10154766.073538002,10000000.0,154766.07353800183,4450.290039,Long,1.02,1.09,0.02,0.09
2021-08-23,10232570.671041,10000000.0,232570.6710410011,4484.399902,Long,1.02,1.1,0.02,0.1
2021-08-24,10246371.389374001,10000000.0,246371.38937400162,4490.450195,Long,1.02,1.1,0.02,0.1
2021-08-25,10253898.244579,10000000.0,253898.24457900084,4493.75,Long,1.03,1.1,0.03,0.1
2021-08-26,10209076.818117,10000000.0,209076.81811700057,4474.100098,Long,1.02,1.1,0.02,0.1
2021-08-27,10299540.520825,10000000.0,299540.5208250011,4513.759766,Long,1.03,1.11,0.03,0.11
2021-08-30,10336014.244579,10000000.0,336014.2445790008,4529.75,Long,1.03,1.11,0.03,0.11
2021-08-31,10333846.849784,10000000.0,333846.849784,4528.799805,Long,1.03,1.11,0.03,0.11
2021-09-01,10346803.328959001,10000000.0,346803.328959001,4534.47998,Long,1.03,1.11,0.03,0.11
2021-09-02,10342104.336661002,10000000.0,342104.3366610009,4532.419922,Long,1.03,1.11,0.03,0.11
2021-09-03,10348856.007702,10000000.0,348856.0077019999,4535.379883,Long,1.03,1.11,0.03,0.11
2021-09-07,10309417.428743001,10000000.0,309417.428743001,4518.089844,Long,1.03,1.11,0.03,0.11
2021-09-08,10287558.96153338,10287558.96153338,0.0,4513.02002,Short,1.03,1.11,0.03,0.11
2021-09-09,10301461.08487538,10287558.96153338,13902.123341999748,4506.919922,Short,1.03,1.11,0.03,0.11
2021-09-10,10374639.46265238,10287558.96153338,87080.50111899902,4474.810059,Short,1.04,1.1,0.04,0.1
2021-09-13,10364338.33935138,10287558.96153338,76779.37781799994,4479.330078,Short,1.04,1.1,0.04,0.1
2021-09-14,10436901.343827382,10287558.96153338,149342.38229400013,4447.490234,Short,1.04,1.09,0.04,0.09
2021-09-15,10359240.544882905,10359240.544882905,0.0,4477.089844,Long,1.04,1.1,0.04,0.1
2021-09-16,10342240.896952905,10359240.544882905,-16999.64793000049,4469.740234,Long,1.03,1.1,0.03,0.1
2021-09-17,10187755.536745906,10359240.544882905,-171485.0081369994,4402.950195,Long,1.02,1.08,0.02,0.08
2021-09-20,10121835.036745906,10359240.544882905,-237405.5081369994,4374.450195,Long,1.01,1.07,0.01,0.07
2021-09-21,10105597.732798904,10359240.544882905,-253642.81208400056,4367.430176,Long,1.01,1.07,0.01,0.07
2021-09-22,10196544.485710904,10359240.544882905,-162696.05917200018,4406.75,Long,1.02,1.08,0.02,0.08
2021-09-23,10268918.345917905,10359240.544882905,-90322.19896499919,4438.040039,Long,1.03,1.09,0.03,0.09
2021-09-24,10278355.566331906,10359240.544882905,-80884.9785509993,4442.120117,Long,1.03,1.09,0.03,0.09
2021-09-27,10226127.845917905,10359240.544882905,-133112.6989649992,4419.540039,Long,1.02,1.08,0.02,0.08
2021-09-28,10093986.426538905,10359240.544882905,-265254.11834400037,4362.410156,Long,1.01,1.07,0.01,0.07
2021-09-29,10113091.265296904,10359240.544882905,-246149.2795860001,4370.669922,Long,1.01,1.07,0.01,0.07
2021-09-30,9989323.176538905,10359240.544882905,-369917.36834400037,4317.160156,Long,1.0,1.06,-0.0,0.06
2021-10-01,10062598.294882905,10359240.544882905,-296642.25,4348.839844,Long,1.01,1.07,0.01,0.07
2021-10-04,9972461.316331906,10359240.544882905,-386779.2285509993,4309.870117,Long,1.0,1.06,-0.0,0.06
2021-10-05,9994896.738622906,10359240.544882905,-364343.80625999987,4319.569824,Long,1.0,1.06,-0.0,0.06
2021-10-06,10133159.612007165,10133159.612007165,0.0,4383.72998,Short,1.01,1.08,0.01,0.08
2021-10-07,10080515.526561165,10133159.612007165,-52644.085446000136,4406.509766,Short,1.01,1.08,0.01,0.08
2021-10-08,10129207.892136166,10133159.612007165,-3951.719870998998,4385.439941,Short,1.01,1.08,0.01,0.08
2021-10-11,10168795.049438166,10133159.612007165,35635.437430999315,4368.310059,Short,1.02,1.07,0.02,0.07
2021-10-12,10192599.026561165,10133159.612007165,59439.414553999864,4358.009766,Short,1.02,1.07,0.02,0.07
2021-10-13,10126180.345787166,10133159.612007165,-6979.266219999841,4386.75,Short,1.01,1.08,0.01,0.08
2021-10-14,9985348.142136166,10133159.612007165,-147811.469870999,4447.689941,Short,1.0,1.09,-0.0,0.09
2021-10-15,9948302.178922165,10133159.612007165,-184857.4330850005,4463.720215,Short,0.99,1.1,-0.01,0.1
2021-10-18,9870607.216303166,10133159.612007165,-262552.395704,4497.339844,Short,0.99,1.1,-0.01,0.1
2021-10-19,9808025.156045165,10133159.612007165,-325134.45596199995,4524.419922,Short,0.98,1.11,-0.02,0.11
2021-10-20,9789952.415013166,10133159.612007165,-343207.19699399953,4532.240234,Short,0.98,1.11,-0.02,0.11
2021-10-21,9757876.005400164,10133159.612007165,-375283.60660700075,4546.120117,Short,0.98,1.12,-0.02,0.12
2021-10-22,9740382.142136166,10133159.612007165,-392777.469870999,4553.689941,Short,0.97,1.12,-0.03,0.12
2021-10-25,9682607.142136166,10133159.612007165,-450552.469870999,4578.689941,Short,0.97,1.12,-0.03,0.12
2021-10-26,9679070.678922165,10133159.612007165,-454088.9330850005,4580.220215,Short,0.97,1.12,-0.03,0.12
2021-10-27,9719236.716303166,10133159.612007165,-413922.895704,4562.839844,Short,0.97,1.12,-0.03,0.12
2021-10-28,9696056.755400164,10133159.612007165,-437102.85660700075,4572.870117,Short,0.97,1.12,-0.03,0.12
2021-10-29,9608816.505400164,10133159.612007165,-524343.1066070007,4610.620117,Short,0.96,1.13,-0.04,0.13
2021-11-01,9602531.216303166,10133159.612007165,-530628.395704,4613.339844,Short,0.96,1.13,-0.04,0.13
2021-11-02,9562527.672265165,10133159.612007165,-570631.9397420001,4630.649902,Short,0.96,1.14,-0.04,0.14
2021-11-03,9487927.959051166,10133159.612007165,-645231.6529559995,4662.930176,Short,0.95,1.14,-0.05,0.14
2021-11-04,9403970.276561165,10133159.612007165,-729189.3354460001,4699.259766,Short,0.94,1.15,-0.06,0.15
2021-11-05,9398839.362007165,10133159.612007165,-734320.25,4701.47998,Short,0.94,1.15,-0.06,0.15
2021-11-08,9385504.845787166,10133159.612007165,-747654.7662199999,4707.25,Short,0.94,1.16,-0.06,0.16
2021-11-09,9470989.276561165,10133159.612007165,-662170.3354460001,4670.259766,Short,0.95,1.15,-0.05,0.15
2021-11-10,9496108.989180164,10133159.612007165,-637050.6228270006,4659.390137,Short,0.95,1.14,-0.05,0.14
2021-11-11,9505699.415013166,10133159.612007165,-627460.1969939995,4655.240234,Short,0.95,1.14,-0.05,0.14
2021-11-12,9426987.746432167,10133159.612007165,-706171.865574999,4689.299805,Short,0.94,1.15,-0.06,0.15
2021-11-15,9449820.156045165,10133159.612007165,-683339.455962,4679.419922,Short,0.94,1.15,-0.06,0.15
2021-11-16,9398793.095787166,10133159.612007165,-734366.5162199999,4701.5,Short,0.94,1.15,-0.06,0.15
2021-11-17,9400595.178922165,10133159.612007165,-732564.4330850005,4700.720215,Short,0.94,1.15,-0.06,0.15
2021-11-18,9382754.892136166,10133159.612007165,-750404.719870999,4708.439941,Short,0.94,1.16,-0.06,0.16
2021-11-19,9374527.595787166,10133159.612007165,-758632.0162199999,4712.0,Short,0.94,1.16,-0.06,0.16
2021-11-22,9451992.362007165,10133159.612007165,-681167.25,4678.47998,Short,0.95,1.15,-0.05,0.15
2021-11-23,9458232.512652166,10133159.612007165,-674927.0993549991,4675.779785,Short,0.95,1.15,-0.05,0.15
2021-11-24,9483999.936174165,10133159.612007165,-649159.6758329989,4664.629883,Short,0.95,1.14,-0.05,0.14
2021-11-26,9566918.345787166,10133159.612007165,-566241.2662199999,4628.75,Short,0.96,1.14,-0.04,0.14
2021-11-29,9540341.845787166,10133159.612007165,-592817.7662199999,4640.25,Short,0.95,1.14,-0.05,0.14
2021-11-30,9626842.982523166,10133159.612007165,-506316.6294840002,4602.819824,Short,0.96,1.13,-0.04,0.13
2021-12-01,9843118.181023385,9843118.181023385,0.0,4504.72998,Long,0.98,1.11,-0.02,0.11
2021-12-02,10028319.336013384,9843118.181023385,185201.15498999957,4589.490234,Long,1.0,1.13,0.0,0.13
2021-12-03,9938471.880368385,9843118.181023385,95353.6993450007,4548.370117,Long,0.99,1.12,-0.01,0.12
2021-12-06,10121138.094498387,9843118.181023385,278019.9134750005,4631.970215,Long,1.01,1.14,0.01,0.14
2021-12-07,10249811.975378385,9843118.181023385,406693.79435499915,4690.859863,Long,1.02,1.15,0.02,0.15
2021-12-08,10250118.174723385,9843118.181023385,406999.9936999999,4691.0,Long,1.03,1.15,0.03,0.15
2021-12-09,10242776.874068387,9843118.181023385,399658.69304500055,4687.640137,Long,1.02,1.15,0.02,0.15
2021-12-10,10292288.248648385,9843118.181023385,449170.0676249991,4710.299805,Long,1.03,1.16,0.03,0.16
2021-12-13,10145216.836013384,9843118.181023385,302098.65498999954,4642.990234,Long,1.01,1.14,0.01,0.14
2021-12-14,10130948.189508384,9843118.181023385,287830.0084849989,4636.459961,Long,1.01,1.14,0.01,0.14
2021-12-15,10311581.969078384,9843118.181023385,468463.788054999,4719.129883,Long,1.03,1.16,0.03,0.16
2021-12-16,10165995.674723385,9843118.181023385,322877.4936999999,4652.5,Long,1.02,1.14,0.02,0.14
2021-12-17,10024844.460593386,9843118.181023385,181726.2795700001,4587.899902,Long,1.0,1.13,0.0,0.13
2021-12-20,10040270.689508384,9843118.181023385,197152.5084849989,4594.959961,Long,1.0,1.13,0.0,0.13
2021-12-21,10161319.475378385,9843118.181023385,318201.29435499915,4650.359863,Long,1.02,1.14,0.02,0.14
2021-12-22,10278435.689508384,9843118.181023385,435317.5084849989,4703.959961,Long,1.03,1.15,0.03,0.15
2021-12-23,10344051.836013384,9843118.181023385,500933.65498999954,4733.990234,Long,1.03,1.16,0.03,0.16
2021-12-27,10478429.336013384,9843118.181023385,635311.1549899996,4795.490234,Long,1.05,1.18,0.05,0.18
2021-12-28,10463461.874068387,9843118.181023385,620343.6930450005,4788.640137,Long,1.05,1.18,0.05,0.18
2021-12-29,10475675.681023385,9843118.181023385,632557.5,4794.22998,Long,1.05,1.18,0.05,0.18
2021-12-30,10434116.939508384,9843118.181023385,590998.758484999,4775.209961,Long,1.04,1.17,0.04,0.17
2021-12-31,10440519.374068387,9843118.181023385,597401.1930450005,4778.140137,Long,1.04,1.17,0.04,0.17
2022-01-03,10498137.013433386,9843118.181023385,655018.8324100001,4804.509766,Long,1.05,1.18,0.05,0.18
2022-01-04,10462041.836013384,9843118.181023385,618923.6549899996,4787.990234,Long,1.05,1.17,0.05,0.17
2022-01-05,10255340.624068387,9843118.181023385,412222.44304500055,4693.390137,Long,1.03,1.15,0.03,0.15
2022-01-06,10264670.615583384,9843118.181023385,421552.4345599997,4697.660156,Long,1.03,1.15,0.03,0.15
2022-01-07,10172200.733863385,9843118.181023385,329082.55284,4655.339844,Long,1.02,1.14,0.02,0.14
2022-01-10,10202354.374068387,9843118.181023385,359236.19304500055,4669.140137,Long,1.02,1.15,0.02,0.15
2022-01-11,10332251.983863385,9843118.181023385,489133.80284,4728.589844,Long,1.03,1.16,0.03,0.16
2022-01-12,10332769.074909471,10332769.074909471,0.0,4733.560059,Short,1.03,1.16,0.03,0.16
2022-01-13,10541302.433059473,10332769.074909471,208533.35815000106,4637.990234,Short,1.05,1.14,0.05,0.14
2022-01-14,10553848.933059473,10332769.074909471,221079.85815000106,4632.240234,Short,1.06,1.14,0.06,0.14
2022-01-18,10650316.132777473,10332769.074909471,317547.0578680014,4588.029785,Short,1.07,1.13,0.07,0.13
2022-01-19,10729156.891897636,10729156.891897636,0.0,4547.350098,Long,1.07,1.12,0.07,0.12
2022-01-20,10549943.154712634,10729156.891897636,-179213.73718500067,4471.379883,Long,1.05,1.1,0.05,0.1
2022-01-21,10278516.475531636,10729156.891897636,-450640.4163659994,4356.319824,Long,1.03,1.07,0.03,0.07
2022-01-24,10302862.093898637,10729156.891897636,-426294.79799899895,4366.640137,Long,1.03,1.07,0.03,0.07
2022-01-25,10401444.795899635,10729156.891897636,-327712.0959980001,4408.430176,Long,1.04,1.08,0.04,0.08
2022-01-26,10335746.414717635,10729156.891897636,-393410.4771799998,4380.580078,Long,1.03,1.07,0.03,0.07
2022-01-27,10231030.081534635,10729156.891897636,-498126.8103630006,4336.189941,Long,1.02,1.06,0.02,0.06
2022-01-28,10456550.712716637,10729156.891897636,-272606.1791809987,4431.790039,Long,1.05,1.09,0.05,0.09
2022-01-31,10663623.225531636,10729156.891897636,-65533.66636599938,4519.569824,Long,1.07,1.11,0.07,0.11
2022-02-01,10774072.343898637,10729156.891897636,44915.452001001024,4566.390137,Long,1.08,1.12,0.08,0.12
2022-02-02,10700990.568719635,10729156.891897636,-28166.323177999937,4535.410156,Long,1.07,1.11,0.07,0.11
2022-02-03,10576859.712716637,10729156.891897636,-152297.1791809987,4482.790039,Long,1.06,1.1,0.06,0.1
2022-02-04,10631022.260715635,10729156.891897636,-98134.63118199974,4505.75,Long,1.06,1.11,0.06,0.11
2022-02-07,10570325.237895636,10729156.891897636,-158831.6540019999,4480.02002,Long,1.06,1.1,0.06,0.1
2022-02-08,10728331.010715635,10729156.891897636,-825.8811819997381,4547.0,Long,1.07,1.12,0.07,0.12
2022-02-09,10732310.629009629,10732310.629009629,0.0,4553.240234,Short,1.07,1.12,0.07,0.12
2022-02-10,10843019.42340763,10732310.629009629,110708.79439799987,4506.27002,Short,1.08,1.11,0.08,0.11
2022-02-11,11063776.41345663,10732310.629009629,331465.7844470005,4412.609863,Short,1.11,1.08,0.11,0.08
2022-02-14,11024485.40730263,10732310.629009629,292174.77829300036,4429.279785,Short,1.1,1.09,0.1,0.09
2022-02-15,10962095.110547628,10732310.629009629,229784.4815379997,4455.75,Short,1.1,1.09,0.1,0.09
2022-02-16,10950861.367925564,10950861.367925564,0.0,4456.060059,Long,1.1,1.09,0.1,0.09
2022-02-17,10775209.860530563,10950861.367925564,-175651.50739500052,4384.569824,Long,1.08,1.08,0.08,0.08
2022-02-18,10647864.557900563,10950861.367925564,-302996.81002500124,4332.740234,Long,1.06,1.06,0.06,0.06
2022-02-22,10628675.245394563,10950861.367925564,-322186.1225310013,4324.930176,Long,1.06,1.06,0.06,0.06
2022-02-23,10213048.742102563,10950861.367925564,-737812.625823001,4155.77002,Long,1.02,1.02,0.02,0.02
2022-02-24,10563441.175493563,10950861.367925564,-387420.1924320019,4298.379883,Long,1.06,1.05,0.06,0.05
2022-02-25,10700517.301316563,10950861.367925564,-250344.0666090008,4354.169922,Long,1.07,1.07,0.07,0.07
2022-02-28,10722557.119571563,10950861.367925564,-228304.2483540001,4363.140137,Long,1.07,1.07,0.07,0.07
2022-03-01,10622851.867925564,10950861.367925564,-328009.5,4322.560059,Long,1.06,1.06,0.06,0.06
2022-03-02,10816340.617925564,10950861.367925564,-134520.75,4401.310059,Long,1.08,1.08,0.08,0.08
2022-03-03,10670910.930431563,10950861.367925564,-279950.43749399995,4342.120117,Long,1.07,1.07,0.07,0.07
2022-03-04,10633784.798024563,10950861.367925564,-317076.5699010006,4327.009766,Long,1.06,1.06,0.06,0.06
2022-03-07,10328257.806254562,10950861.367925564,-622603.5616710011,4202.660156,Long,1.03,1.03,0.03,0.03
2022-03-08,10378478.743748562,10950861.367925564,-572382.6241770012,4223.100098,Long,1.04,1.04,0.04,0.04
2022-03-09,10450836.673847562,10950861.367925564,-500024.6940780018,4252.549805,Long,1.05,1.04,0.05,0.04
2022-03-10,10517053.302962562,10950861.367925564,-433808.0649630009,4279.5,Long,1.05,1.05,0.05,0.05
2022-03-11,10328478.552962562,10950861.367925564,-622382.814963001,4202.75,Long,1.03,1.03,0.03,0.03
2022-03-14,10294252.110530563,10950861.367925564,-656609.2573950005,4188.819824,Long,1.03,1.03,0.03,0.03
2022-03-15,10538282.119571563,10950861.367925564,-412579.2483540001,4288.140137,Long,1.05,1.05,0.05,0.05
2022-03-16,10678256.736353561,10950861.367925564,-272604.6315720017,4345.109863,Long,1.07,1.07,0.07,0.07
2022-03-17,10831155.799670564,10950861.367925564,-119705.56825500069,4407.339844,Long,1.08,1.08,0.08,0.08
2022-03-18,10966438.362176564,10950861.367925564,15576.994250999376,4462.399902,Long,1.1,1.1,0.1,0.1
2022-03-21,10982900.743748562,10950861.367925564,32039.37582299883,4469.100098,Long,1.1,1.1,0.1,0.1
2022-03-22,11041868.743748562,10950861.367925564,91007.37582299883,4493.100098,Long,1.1,1.1,0.1,0.1
2022-03-23,10985062.613822563,10950861.367925564,34201.24589699927,4469.97998,Long,1.1,1.1,0.1,0.1
2022-03-24,11115112.056254562,10950861.367925564,164250.6883289989,4522.910156,Long,1.11,1.11,0.11,0.11
2022-03-25,11159779.549670564,10950861.367925564,208918.1817449993,4541.089844,Long,1.12,1.11,0.12,0.11
2022-03-28,11311548.486353561,10950861.367925564,360687.1184279983,4602.859863,Long,1.13,1.13,0.13,0.13
2022-03-29,11363981.682077564,10950861.367925564,413120.31415199995,4624.200195,Long,1.14,1.13,0.14,0.13
2022-03-30,11302113.992102563,10950861.367925564,351252.6241769989,4599.02002,Long,1.13,1.13,0.13,0.13
2022-03-31,11157887.610530563,10950861.367925564,207026.24260499948,4540.319824,Long,1.12,1.11,0.12,0.11
2022-04-01,11176684.621217564,10950861.367925564,225823.2532919998,4547.970215,Long,1.12,1.12,0.12,0.12
2022-04-04,11236831.932077564,10950861.367925564,285970.56415199995,4572.450195,Long,1.12,1.12,0.12,0.12
2022-04-05,11044497.301316563,10950861.367925564,93635.93339099921,4494.169922,Long,1.1,1.1,0.1,0.1
2022-04-06,10996536.612176564,10950861.367925564,45675.24425099938,4474.649902,Long,1.1,1.1,0.1,0.1
2022-04-07,11044448.112176564,10950861.367925564,93586.74425099937,4494.149902,Long,1.1,1.1,0.1,0.1
2022-04-08,10967028.619571563,10950861.367925564,16167.251645999895,4462.640137,Long,1.1,1.1,0.1,0.1
2022-04-11,10905480.049670564,10950861.367925564,-45381.31825500069,4437.589844,Long,1.09,1.09,0.09,0.09
2022-04-12,10799116.423847562,10950861.367925564,-151744.94407800175,4394.299805,Long,1.08,1.08,0.08,0.08
2022-04-13,10933809.930431563,10950861.367925564,-17051.437493999936,4449.120117,Long,1.09,1.09,0.09,0.09
2022-04-14,10777814.425493563,10950861.367925564,-173046.94243200184,4385.629883,Long,1.08,1.08,0.08,0.08
2022-04-18,10790099.425493563,10950861.367925564,-160761.94243200184,4390.629883,Long,1.08,1.08,0.08,0.08
2022-04-19,10990664.048024563,10950861.367925564,39802.680098999415,4472.259766,Long,1.1,1.1,0.1,0.1
2022-04-20,11021182.41081821,11021182.41081821,0.0,4489.169922,Short,1.1,1.1,0.1,0.1
2022-04-21,11274881.72783821,11021182.41081821,253699.31702000022,4385.830078,Short,1.13,1.08,0.13,0.08
2022-04-22,11595235.25230821,11021182.41081821,574052.8414899999,4255.339844,Short,1.16,1.04,0.16,0.04
2022-04-25,11539260.532993209,11021182.41081821,518078.1221749993,4278.140137,Short,1.15,1.05,0.15,0.05
2022-04-26,11764187.92022821,11021182.41081821,743005.5094100003,4186.52002,Short,1.18,1.03,0.18,0.03
2022-04-27,11665294.043746721,11665294.043746721,0.0,4222.580078,Long,1.17,1.04,0.17,0.04
2022-04-28,11751385.368310722,11665294.043746721,86091.32456400011,4253.75,Long,1.18,1.04,0.18,0.04
2022-04-29,11411272.30991672,11665294.043746721,-254021.73383000077,4130.609863,Long,1.14,1.01,0.14,0.01
2022-05-02,11491839.63448072,11665294.043746721,-173454.40926600067,4159.779785,Long,1.15,1.02,0.15,0.02
2022-05-03,11550947.51442272,11665294.043746721,-114346.52932400031,4181.180176,Long,1.16,1.03,0.16,0.03
2022-05-04,11797456.01442272,11665294.043746721,132161.9706759997,4270.430176,Long,1.18,1.05,0.18,0.05
2022-05-05,11404533.19287472,11665294.043746721,-260760.85087199978,4128.169922,Long,1.14,1.01,0.14,0.01
2022-05-06,11274995.663550721,11665294.043746721,-390298.3801960001,4081.27002,Long,1.13,1.0,0.13,0.0
2022-05-09,11147694.84049472,11665294.043746721,-517599.20325199986,4035.179932,Long,1.11,0.99,0.11,-0.01
2022-05-10,11023129.043746721,11665294.043746721,-642165.0,3990.080078,Long,1.1,0.98,0.1,-0.02
2022-05-11,10785237.632972721,11665294.043746721,-880056.4107739998,3903.949951,Long,1.08,0.96,0.08,-0.04
2022-05-12,10950819.397634722,11665294.043746721,-714474.6461119995,3963.899902,Long,1.1,0.97,0.1,-0.03
2022-05-13,11086489.163550721,11665294.043746721,-578804.8801960001,4013.02002,Long,1.11,0.98,0.11,-0.02
2022-05-16,11194151.868310722,11665294.043746721,-471142.1754359999,4052.0,Long,1.12,0.99,0.12,-0.01
2022-05-17,11194096.573070722,11665294.043746721,-471197.4706759997,4051.97998,Long,1.12,0.99,0.12,-0.01
2022-05-18,10771565.868310722,11665294.043746721,-893728.1754359999,3899.0,Long,1.08,0.96,0.08,-0.04
2022-05-19,10851001.015930722,11665294.043746721,-814293.0278159999,3927.76001,Long,1.09,0.96,0.09,-0.04
2022-05-20,10827965.692874722,11665294.043746721,-837328.3508719997,3919.419922,Long,1.08,0.96,0.08,-0.04
2022-05-23,10892927.985352721,11665294.043746721,-772366.0583939996,3942.939941,Long,1.09,0.97,0.09,-0.03
2022-05-24,10856055.691366721,11665294.043746721,-809238.35238,3929.590088,Long,1.09,0.96,0.09,-0.04
2022-05-25,11007993.33898672,11665294.043746721,-657300.7047600002,3984.600098,Long,1.1,0.98,0.1,-0.02
2022-05-26,11264389.34049472,11665294.043746721,-400904.70325199986,4077.429932,Long,1.13,1.0,0.13,0.0
2022-05-27,11467838.01743872,11665294.043746721,-197456.02630799965,4151.089844,Long,1.15,1.02,0.15,0.02
2022-05-31,11464219.63448072,11665294.043746721,-201074.40926600067,4149.779785,Long,1.15,1.02,0.15,0.02
2022-06-01,11314050.045254722,11665294.043746721,-351243.9984919997,4095.409912,Long,1.13,1.01,0.13,0.01
2022-06-02,11430495.722198721,11665294.043746721,-234798.32154799945,4137.569824,Long,1.14,1.02,0.14,0.02
2022-06-03,11422625.102140723,11665294.043746721,-242668.9416059991,4134.720215,Long,1.14,1.01,0.14,0.01
2022-06-06,11316978.602140721,11665294.043746721,-348315.44160599913,4096.470215,Long,1.13,1.01,0.13,0.01
2022-06-07,11456873.631464722,11665294.043746721,-208420.4122819988,4147.120117,Long,1.15,1.02,0.15,0.02
2022-06-08,11319956.140605398,11319956.140605398,0.0,4101.649902,Short,1.13,1.01,0.13,0.01
2022-06-09,11671066.505436398,11319956.140605398,351110.3648310002,3974.389893,Short,1.17,0.98,0.17,-0.02
2022-06-10,12046952.640605398,11319956.140605398,726996.5,3838.149902,Short,1.2,0.94,0.2,-0.06
2022-06-13,12252856.485043397,11319956.140605398,932900.3444380005,3763.52002,Short,1.23,0.92,0.23,-0.08
2022-06-14,12251394.135032399,11319956.140605398,931437.9944270004,3764.050049,Short,1.23,0.92,0.23,-0.08
2022-06-15,12340073.73940301,12340073.73940301,0.0,3728.179932,Long,1.23,0.91,0.23,-0.09
2022-06-16,12133989.12013301,12340073.73940301,-206084.61926999965,3665.899902,Long,1.21,0.9,0.21,-0.1
2022-06-17,12297487.32964601,12340073.73940301,-42586.40975700032,3715.310059,Long,1.23,0.91,0.23,-0.09
2022-06-21,12358968.00035201,12340073.73940301,18894.26094900007,3733.889893,Long,1.24,0.92,0.24,-0.08
2022-06-22,12494041.60536401,12340073.73940301,153967.86596100003,3774.709961,Long,1.25,0.93,0.25,-0.07
2022-06-23,12649697.094415009,12340073.73940301,309623.35501199996,3821.75,Long,1.26,0.94,0.26,-0.06
2022-06-24,12977321.21750501,12340073.73940301,637247.4781019998,3920.76001,Long,1.3,0.96,0.3,-0.04
2022-06-27,12951643.344415009,12340073.73940301,611569.605012,3913.0,Long,1.3,0.96,0.3,-0.04
2022-06-28,12660749.445607008,12340073.73940301,320675.7062039997,3825.090088,Long,1.27,0.94,0.27,-0.06
2022-06-29,12531367.22132501,12340073.73940301,191293.4819220001,3785.98999,Long,1.25,0.93,0.25,-0.07
2022-06-30,12514855.344415009,12340073.73940301,174781.60501199999,3781.0,Long,1.25,0.93,0.25,-0.07
2022-07-01,12553273.18847801,12340073.73940301,213199.44907499987,3792.610107,Long,1.26,0.93,0.26,-0.07
2022-07-05,12683548.09823501,12340073.73940301,343474.3588320002,3831.97998,Long,1.27,0.94,0.27,-0.06
2022-07-06,12772461.31869701,12340073.73940301,432387.5792939996,3858.850098,Long,1.28,0.95,0.28,-0.05
2022-07-07,12869778.71750501,12340073.73940301,529704.9781019998,3888.26001,Long,1.29,0.95,0.29,-0.05
2022-07-08,12845556.60918401,12340073.73940301,505482.86978100025,3880.939941,Long,1.28,0.95,0.28,-0.05
2022-07-11,12749628.732274009,12340073.73940301,409554.99287100014,3851.949951,Long,1.27,0.95,0.27,-0.05
2022-07-12,12510454.11631301,12340073.73940301,170380.3769100001,3779.669922,Long,1.25,0.93,0.25,-0.07
2022-07-13,12458569.22132501,12340073.73940301,118495.4819220001,3763.98999,Long,1.25,0.92,0.25,-0.08
2022-07-14,12637288.344415009,12340073.73940301,297214.60501199996,3818.0,Long,1.26,0.94,0.26,-0.06
2022-07-15,12854987.58346601,12340073.73940301,514913.8440629999,3883.790039,Long,1.29,0.95,0.29,-0.05
2022-07-18,12778681.84823501,12340073.73940301,438608.1088320002,3860.72998,Long,1.28,0.95,0.28,-0.05
2022-07-19,13025500.449427009,12340073.73940301,685426.7100239999,3935.320068,Long,1.3,0.97,0.3,-0.03
2022-07-20,13092176.478454009,12340073.73940301,752102.739051,3955.469971,Long,1.31,0.97,0.31,-0.03
2022-07-21,13234330.98940301,12340073.73940301,894257.25,3998.429932,Long,1.32,0.98,0.32,-0.02
2022-07-22,13126093.728454009,12340073.73940301,786019.989051,3965.719971,Long,1.31,0.97,0.31,-0.03
2022-07-25,13084731.228454009,12340073.73940301,744657.489051,3953.219971,Long,1.31,0.97,0.31,-0.03
2022-07-26,13078807.98940301,12340073.73940301,738734.25,3951.429932,Long,1.31,0.97,0.31,-0.03
2022-07-27,13325990.12726201,12340073.73940301,985916.3878590001,4026.129883,Long,1.33,0.99,0.33,-0.01
2022-07-28,13528501.57251701,12340073.73940301,1188427.8331139998,4087.330078,Long,1.35,1.0,0.35,0.0
2022-07-29,13611391.377262007,12340073.73940301,1271317.6378589987,4112.379883,Long,1.36,1.01,0.36,0.01
2022-08-01,13584357.105364008,12340073.73940301,1244283.3659609985,4104.209961,Long,1.36,1.01,0.36,0.01
2022-08-02,13596765.855364008,12340073.73940301,1256692.1159609985,4107.959961,Long,1.36,1.01,0.36,0.01
2022-08-03,13751925.31869701,12340073.73940301,1411851.5792939996,4154.850098,Long,1.38,1.02,0.38,0.02
2022-08-04,13622940.56156801,12340073.73940301,1282866.8221650012,4115.870117,Long,1.36,1.01,0.36,0.01
2022-08-05,13755499.29679901,12340073.73940301,1415425.5573959996,4155.930176,Long,1.38,1.02,0.38,0.02
2022-08-08,13679986.881082008,12340073.73940301,1339913.141678999,4133.109863,Long,1.37,1.01,0.37,0.01
2022-08-09,13838521.590595009,12340073.73940301,1498447.8511919999,4181.02002,Long,1.38,1.03,0.38,0.03
2022-08-10,13991992.620133009,12340073.73940301,1651918.8807300003,4227.399902,Long,1.4,1.04,0.4,0.04
2022-08-11,13984117.590595009,12340073.73940301,1644043.8511919999,4225.02002,Long,1.4,1.04,0.4,0.04
2022-08-12,14130872.06156801,12340073.73940301,1790798.3221650012,4269.370117,Long,1.41,1.05,0.41,0.05
2022-08-15,14200658.355364008,12340073.73940301,1860584.6159609985,4290.459961,Long,1.42,1.05,0.42,0.05
2022-08-16,14167369.620133009,12340073.73940301,1827295.8807300003,4280.399902,Long,1.42,1.05,0.42,0.05
2022-08-17,14143313.127262007,12340073.73940301,1803239.3878589987,4273.129883,Long,1.41,1.05,0.41,0.05
2022-08-18,14120746.32964601,12340073.73940301,1780672.5902430012,4266.310059,Long,1.41,1.05,0.41,0.05
2022-08-19,13885046.32251701,12340073.73940301,1544972.5831139998,4195.080078,Long,1.39,1.03,0.39,0.03
2022-08-22,13679920.63821101,12340073.73940301,1339846.8988080001,4133.089844,Long,1.37,1.01,0.37,0.01
2022-08-23,13658279.649160009,12340073.73940301,1318205.9097569988,4126.549805,Long,1.37,1.01,0.37,0.01
2022-08-24,13746662.91010901,12340073.73940301,1406589.1707060004,4153.259766,Long,1.37,1.02,0.37,0.02
2022-08-25,13897157.778721008,12340073.73940301,1557084.0393179995,4198.740234,Long,1.39,1.03,0.39,0.03
2022-08-26,13353951.82251701,12340073.73940301,1013878.0831139998,4034.580078,Long,1.34,0.99,0.34,-0.01
2022-08-29,13376022.594415009,12340073.73940301,1035948.855012,4041.25,Long,1.34,0.99,0.34,-0.01
2022-08-30,13241743.11631301,12340073.73940301,901669.3769100001,4000.669922,Long,1.32,0.98,0.32,-0.02
2022-08-31,13030165.84823501,12340073.73940301,690092.1088320002,3936.72998,Long,1.3,0.97,0.3,-0.03
2022-09-01,13221855.99322301,12340073.73940301,881782.2538200002,3994.659912,Long,1.32,0.98,0.32,-0.02
2022-09-02,13010841.00035201,12340073.73940301,670767.260949,3930.889893,Long,1.3,0.96,0.3,-0.04
2022-09-06,12939829.98940301,12340073.73940301,599756.25,3909.429932,Long,1.29,0.96,0.29,-0.04
2022-09-07,13106967.60918401,12340073.73940301,766893.8697810003,3959.939941,Long,1.31,0.97,0.31,-0.03
2022-09-08,13315434.60918401,12340073.73940301,975360.8697810003,4022.939941,Long,1.33,0.99,0.33,-0.01
2022-09-09,13516390.11631301,12340073.73940301,1176316.37691,4083.669922,Long,1.35,1.0,0.35,0.0
2022-09-12,13362356.811568009,12340073.73940301,1022283.0721649998,4037.120117,Long,1.34,0.99,0.34,-0.01
2022-09-13,13043401.84823501,12340073.73940301,703328.1088320002,3940.72998,Long,1.3,0.97,0.3,-0.03
2022-09-14,13015870.74322301,12340073.73940301,675797.0038200002,3932.409912,Long,1.3,0.97,0.3,-0.03
2022-09-15,12845589.732274009,12340073.73940301,505515.99287100014,3880.949951,Long,1.28,0.95,0.28,-0.05
2022-09-16,12742878.24322301,12340073.73940301,402804.5038200002,3849.909912,Long,1.27,0.94,0.27,-0.06
2022-09-19,12826662.34823501,12340073.73940301,486588.6088320002,3875.22998,Long,1.28,0.95,0.28,-0.05
2022-09-20,12813988.620133009,12340073.73940301,473914.8807300003,3871.399902,Long,1.28,0.95,0.28,-0.05
2022-09-21,12519355.93847801,12340073.73940301,179282.19907499987,3782.360107,Long,1.25,0.93,0.25,-0.07
2022-09-22,12336632.25035201,12340073.73940301,-3441.48905099993,3727.139893,Long,1.23,0.91,0.23,-0.09
2022-09-23,12189646.728454009,12340073.73940301,-150427.01094900008,3682.719971,Long,1.22,0.9,0.22,-0.1
2022-09-26,12201956.10918401,12340073.73940301,-138117.63021899972,3686.439941,Long,1.22,0.9,0.22,-0.1
2022-09-27,12087795.60918401,12340073.73940301,-252278.13021899972,3651.939941,Long,1.21,0.9,0.21,-0.1
2022-09-28,12203842.46750501,12340073.73940301,-136231.27189800015,3687.01001,Long,1.22,0.9,0.22,-0.1
2022-09-29,12026711.59823501,12340073.73940301,-313362.1411679998,3633.47998,Long,1.2,0.89,0.2,-0.11
2022-09-30,11948288.46037601,12340073.73940301,-391785.279027,3609.780029,Long,1.19,0.89,0.19,-0.11
2022-10-03,12334382.35536401,12340073.73940301,-5691.384038999957,3726.459961,Long,1.23,0.91,0.23,-0.09
2022-10-04,12423030.594415009,12340073.73940301,82956.85501199997,3753.25,Long,1.24,0.92,0.24,-0.08
2022-10-05,12484974.978454009,12340073.73940301,144901.23905099992,3771.969971,Long,1.25,0.93,0.25,-0.07
2022-10-06,12269128.97132501,12340073.73940301,-70944.7680779999,3706.73999,Long,1.23,0.91,0.23,-0.09
2022-10-07,12073136.96750501,12340073.73940301,-266936.77189800015,3647.51001,Long,1.21,0.9,0.21,-0.1
2022-10-10,11902227.43847801,12340073.73940301,-437846.3009250001,3595.860107,Long,1.19,0.88,0.19,-0.12
2022-10-11,11885583.07251701,12340073.73940301,-454490.6668860002,3590.830078,Long,1.19,0.88,0.19,-0.12
2022-10-12,11652431.061568009,12340073.73940301,-687642.6778350002,3520.370117,Long,1.17,0.86,0.17,-0.14
2022-10-13,12215092.74322301,12340073.73940301,-124980.99617999977,3690.409912,Long,1.22,0.91,0.22,-0.09
2022-10-14,12043818.870133009,12340073.73940301,-296254.8692699997,3638.649902,Long,1.2,0.89,0.2,-0.11
2022-10-17,12399900.71750501,12340073.73940301,59826.97810199986,3746.26001,Long,1.24,0.92,0.24,-0.08
2022-10-18,12257117.68847801,12340073.73940301,-82956.05092500012,3703.110107,Long,1.23,0.91,0.23,-0.09
2022-10-19,12210592.95655601,12340073.73940301,-129480.78284700021,3689.050049,Long,1.22,0.91,0.22,-0.09
2022-10-20,12104870.56869701,12340073.73940301,-235203.17070600038,3657.100098,Long,1.21,0.9,0.21,-0.1
2022-10-21,12452017.46750501,12340073.73940301,111943.72810199986,3762.01001,Long,1.25,0.92,0.25,-0.08
2022-10-24,12575873.10918401,12340073.73940301,235799.36978100028,3799.439941,Long,1.26,0.93,0.26,-0.07
2022-10-25,12663660.978454009,12340073.73940301,323587.2390509999,3825.969971,Long,1.27,0.94,0.27,-0.06
2022-10-26,12692515.35918401,12340073.73940301,352441.61978100025,3834.689941,Long,1.27,0.94,0.27,-0.06
2022-10-27,12605058.71750501,12340073.73940301,264984.97810199985,3808.26001,Long,1.26,0.93,0.26,-0.07
2022-10-28,12848568.31869701,12340073.73940301,508494.5792939996,3881.850098,Long,1.28,0.95,0.28,-0.05
2022-10-31,12914549.58346601,12340073.73940301,574475.8440629999,3901.790039,Long,1.29,0.96,0.29,-0.04
2022-11-01,12752772.120133009,12340073.73940301,412698.3807300003,3852.899902,Long,1.28,0.95,0.28,-0.05
2022-11-02,12356850.594415009,12340073.73940301,16776.855011999975,3733.25,Long,1.24,0.92,0.24,-0.08
2022-11-03,12468463.09823501,12340073.73940301,128389.3588320002,3766.97998,Long,1.25,0.92,0.25,-0.08
2022-11-04,12513895.60536401,12340073.73940301,173821.86596100003,3780.709961,Long,1.25,0.93,0.25,-0.07
2022-11-07,12634045.590595009,12340073.73940301,293971.85119199974,3817.02002,Long,1.26,0.94,0.26,-0.06
2022-11-08,12613926.60918401,12340073.73940301,273852.86978100025,3810.939941,Long,1.26,0.94,0.26,-0.06
2022-11-09,12763129.624696072,12763129.624696072,0.0,3859.889893,Short,1.28,0.95,0.28,-0.05
2022-11-10,12419867.386828072,12763129.624696072,-343262.2378679999,3963.719971,Short,1.24,0.97,0.24,-0.03
2022-11-11,12372756.886828072,12763129.624696072,-390372.7378679999,3977.969971,Short,1.24,0.98,0.24,-0.02
2022-11-14,12278734.441882072,12763129.624696072,-484395.1828140002,4006.409912,Short,1.23,0.98,0.23,-0.02
2022-11-15,12376558.466146072,12763129.624696072,-386571.1585499999,3976.820068,Short,1.24,0.98,0.24,-0.02
2022-11-16,12566852.017894072,12763129.624696072,-196277.6068019998,3919.26001,Short,1.26,0.96,0.26,-0.04
2022-11-17,12411040.624696072,12763129.624696072,-352089.0,3966.389893,Short,1.24,0.97,0.24,-0.03
2022-11-18,12444629.297074072,12763129.624696072,-318500.3276220001,3956.22998,Short,1.24,0.97,0.24,-0.03
2022-11-21,12413949.517894072,12763129.624696072,-349180.1068019998,3965.51001,Short,1.24,0.97,0.24,-0.03
2022-11-22,12298933.648960073,12763129.624696072,-464195.9757359997,4000.300049,Short,1.23,0.98,0.23,-0.02
2022-11-23,12222763.280026073,12763129.624696072,-540366.3446699997,4023.340088,Short,1.22,0.99,0.22,-0.01
2022-11-25,12282205.097212072,12763129.624696072,-480924.5274839998,4005.360107,Short,1.23,0.98,0.23,-0.02
2022-11-28,12418313.666008072,12763129.624696072,-344815.9586880002,3964.189941,Short,1.24,0.97,0.24,-0.03
2022-11-29,12441488.755762072,12763129.624696072,-321640.8689339999,3957.179932,Short,1.24,0.97,0.24,-0.03
2022-11-30,12011841.124696072,12763129.624696072,-751288.5,4087.139893,Short,1.2,1.0,0.2,0.0
2022-12-01,12167123.848822072,12763129.624696072,-596005.775874,4040.169922,Short,1.22,0.99,0.22,-0.01
2022-12-02,12127947.424834073,12763129.624696072,-635182.1998619997,4052.02002,Short,1.21,0.99,0.21,-0.01
2022-12-05,12311067.217756072,12763129.624696072,-452062.40694000013,3996.629883,Short,1.23,0.98,0.23,-0.02
2022-12-06,12520501.835080072,12763129.624696072,-242627.78961599994,3933.280029,Short,1.25,0.97,0.25,-0.03
2022-12-07,12459480.348151138,12459480.348151138,0.0,3947.790039,Long,1.25,0.97,0.25,-0.03
2022-12-08,12479615.258899137,12459480.348151138,20134.9107480002,3954.169922,Long,1.25,0.97,0.25,-0.03
2022-12-09,12432654.348151138,12459480.348151138,-26826.0,3939.290039,Long,1.24,0.97,0.24,-0.03
2022-12-12,12843217.895815138,12459480.348151138,383737.54766400025,4069.379883,Long,1.28,1.0,0.28,-0.0
2022-12-13,12673299.348151138,12459480.348151138,213819.0,4015.540039,Long,1.27,0.99,0.27,-0.01
2022-12-14,12492871.074319137,12459480.348151138,33390.72616799986,3958.370117,Long,1.25,0.97,0.25,-0.03
2022-12-15,12279966.667339139,12459480.348151138,-179513.6808119997,3890.909912,Long,1.23,0.95,0.23,-0.05
2022-12-16,12162816.348151138,12459480.348151138,-296664.0,3853.790039,Long,1.22,0.95,0.22,-0.05
2022-12-19,12026098.213543138,12459480.348151138,-433382.134608,3810.469971,Long,1.2,0.94,0.2,-0.06
2022-12-20,12117685.393507138,12459480.348151138,-341794.9546439998,3839.48999,Long,1.21,0.94,0.21,-0.06
2022-12-21,12161143.576627137,12459480.348151138,-298336.77152400004,3853.26001,Long,1.22,0.95,0.22,-0.05
2022-12-22,12040742.482759139,12459480.348151138,-418737.865392,3815.110107,Long,1.2,0.94,0.2,-0.06
2022-12-23,12129836.302795138,12459480.348151138,-329644.0453560002,3843.340088,Long,1.21,0.94,0.21,-0.06
2022-12-27,12086346.531271137,12459480.348151138,-373133.81688000023,3829.560059,Long,1.21,0.94,0.21,-0.06
2022-12-28,12010255.030423138,12459480.348151138,-449225.31772799976,3805.449951,Long,1.2,0.93,0.2,-0.07
2022-12-29,12084768.531271137,12459480.348151138,-374711.81688000023,3829.060059,Long,1.21,0.94,0.21,-0.06
2022-12-30,12161238.348151138,12459480.348151138,-298242.0,3853.290039,Long,1.22,0.95,0.22,-0.05
2023-01-03,12120431.482759139,12459480.348151138,-339048.865392,3840.360107,Long,1.21,0.94,0.21,-0.06
2023-01-04,12118474.393507138,12459480.348151138,-341005.9546439998,3839.73999,Long,1.21,0.94,0.21,-0.06
2023-01-05,12066811.074319137,12459480.348151138,-392669.27383200015,3823.370117,Long,1.21,0.94,0.21,-0.06
2023-01-06,12342803.119675139,12459480.348151138,-116677.22847599996,3910.820068,Long,1.23,0.96,0.23,-0.04
2023-01-09,12272582.119675139,12459480.348151138,-186898.22847599996,3888.570068,Long,1.23,0.95,0.23,-0.05
2023-01-10,12410751.894355137,12459480.348151138,-48728.453796000285,3932.350098,Long,1.24,0.96,0.24,-0.04
2023-01-11,12553466.119675139,12459480.348151138,93985.77152400004,3977.570068,Long,1.26,0.98,0.26,-0.02
2023-01-12,12499908.894355137,12459480.348151138,40428.546203999715,3960.600098,Long,1.25,0.97,0.25,-0.03
2023-01-13,12621982.756591137,12459480.348151138,162502.40844000012,3999.280029,Long,1.26,0.98,0.26,-0.02
2023-01-17,12631355.985067138,12459480.348151138,171875.63691600008,4002.25,Long,1.26,0.98,0.26,-0.02
2023-01-18,12346022.302795138,12459480.348151138,-113458.04535600018,3911.840088,Long,1.23,0.96,0.23,-0.04
2023-01-19,12337185.348151138,12459480.348151138,-122295.0,3909.040039,Long,1.23,0.96,0.23,-0.04
2023-01-20,12555264.487375138,12459480.348151138,95784.13922400016,3978.139893,Long,1.26,0.98,0.26,-0.02
2023-01-23,12629746.393507138,12459480.348151138,170266.04535600016,4001.73999,Long,1.26,0.98,0.26,-0.02
2023-01-24,12569687.621983139,12459480.348151138,110207.27383200014,3982.709961,Long,1.26,0.98,0.26,-0.02
2023-01-25,12738123.711235138,12459480.348151138,278643.36308399995,4036.080078,Long,1.27,0.99,0.27,-0.01
2023-01-26,12793795.213543138,12459480.348151138,334314.865392,4053.719971,Long,1.28,0.99,0.28,-0.01
2023-01-27,12779751.168187138,12459480.348151138,320270.8200359999,4049.27002,Long,1.28,0.99,0.28,-0.01
2023-01-30,12690057.894355137,12459480.348151138,230577.54620399972,4020.850098,Long,1.27,0.99,0.27,-0.01
2023-01-31,12845396.119675139,12459480.348151138,385915.77152400004,4070.070068,Long,1.28,1.0,0.28,-0.0
2023-02-01,13125049.620523138,12459480.348151138,665569.2723719996,4158.680176,Long,1.31,1.02,0.31,0.02
2023-02-02,13055648.438863138,12459480.348151138,596168.0907119989,4136.689941,Long,1.31,1.02,0.31,0.02
2023-02-03,13001617.349611139,12459480.348151138,542137.0014600005,4119.569824,Long,1.3,1.01,0.3,0.01
2023-02-06,12956739.894355137,12459480.348151138,497259.5462039997,4105.350098,Long,1.3,1.01,0.3,0.01
2023-02-07,13108606.98360714,12459480.348151138,649126.6354560009,4153.470215,Long,1.31,1.02,0.31,0.02
2023-02-08,13066428.732067138,13066428.732067138,0.0,4144.25,Short,1.31,1.02,0.31,0.02
2023-02-09,13303869.137923138,13066428.732067138,237440.40585599985,4068.919922,Short,1.33,1.0,0.33,-0.0
2023-02-10,13216558.123283137,13066428.732067138,150129.39121599877,4096.620117,Short,1.32,1.01,0.32,0.01
2023-02-13,13121745.717427136,13066428.732067138,55316.9853599989,4126.700195,Short,1.31,1.01,0.31,0.01
2023-02-14,13144440.732067138,13066428.732067138,78012.0,4119.5,Short,1.31,1.01,0.31,0.01
2023-02-15,13159412.732067138,13066428.732067138,92984.0,4114.75,Short,1.32,1.01,0.32,0.01
2023-02-16,13277171.789331138,13066428.732067138,210743.05726399992,4077.389893,Short,1.33,1.0,0.33,0.0
2023-02-17,13356097.22317114,13066428.732067138,289668.49110400036,4052.350098,Short,1.34,0.99,0.34,-0.01
2023-02-21,13515336.326211138,13066428.732067138,448907.59414400015,4001.830078,Short,1.35,0.98,0.35,-0.02
2023-02-22,13449810.595662242,13449810.595662242,0.0,4018.600098,Long,1.34,0.99,0.34,-0.01
2023-02-23,13298035.674294243,13449810.595662242,-151774.92136799952,3973.23999,Long,1.33,0.98,0.33,-0.02
2023-02-24,13362011.585776241,13449810.595662242,-87799.00988599972,3992.360107,Long,1.34,0.98,0.34,-0.02
2023-02-27,13311252.210340243,13449810.595662242,-138558.38532199932,3977.189941,Long,1.33,0.98,0.33,-0.02
2023-02-28,13264910.602202242,13449810.595662242,-184899.99345999988,3963.340088,Long,1.33,0.97,0.33,-0.03
2023-03-01,13182397.720226243,13449810.595662242,-267412.8754359996,3938.679932,Long,1.32,0.97,0.32,-0.03
2023-03-02,13380949.654674241,13449810.595662242,-68860.94098799986,3998.02002,Long,1.34,0.98,0.34,-0.02
2023-03-03,13572106.239846243,13449810.595662242,122295.64418400075,4055.149902,Long,1.36,1.0,0.36,-0.0
2023-03-06,13549052.661214242,13449810.595662242,99242.06555200026,4048.26001,Long,1.35,0.99,0.35,-0.01
2023-03-07,13345917.131708242,13449810.595662242,-103893.46395399982,3987.550049,Long,1.33,0.98,0.33,-0.02
2023-03-08,13369711.217240691,13369711.217240691,0.0,3998.659912,Short,1.34,0.98,0.34,-0.02
2023-03-09,13656841.126196692,13369711.217240691,287129.90895600046,3912.77002,Short,1.37,0.96,0.37,-0.04
2023-03-10,13916424.751925692,13369711.217240691,546713.5346850004,3835.120117,Short,1.39,0.94,0.39,-0.06
2023-03-13,13719555.839626692,13369711.217240691,349844.62238600035,3894.01001,Short,1.37,0.96,0.37,-0.04
2023-03-14,13777289.516486691,13369711.217240691,407578.2992460001,3876.73999,Short,1.38,0.95,0.38,-0.05
2023-03-15,13757001.277618015,13757001.277618015,0.0,3878.929932,Long,1.38,0.95,0.38,-0.05
2023-03-16,14039830.269532016,13757001.277618015,282828.9919140003,3958.689941,Long,1.4,0.97,0.4,-0.03
2023-03-17,13893664.255912015,13757001.277618015,136662.9782939999,3917.469971,Long,1.39,0.96,0.39,-0.04
2023-03-20,14100821.299324015,13757001.277618015,343820.0217060001,3975.889893,Long,1.41,0.98,0.41,-0.02
2023-03-21,14193549.717040015,13757001.277618015,436548.4394219999,4002.040039,Long,1.42,0.98,0.42,-0.02
2023-03-22,14041674.260452015,13757001.277618015,284672.982834,3959.209961,Long,1.4,0.97,0.4,-0.03
2023-03-23,13970754.260452015,13757001.277618015,213752.98283400005,3939.209961,Long,1.4,0.97,0.4,-0.03
2023-03-24,14125785.277618015,13757001.277618015,368784.0,3982.929932,Long,1.41,0.98,0.41,-0.02
2023-03-27,14094580.303864015,13757001.277618015,337579.0262460002,3974.129883,Long,1.41,0.98,0.41,-0.02
2023-03-28,14184649.221580015,13757001.277618015,427647.943962,3999.530029,Long,1.42,0.98,0.42,-0.02
2023-03-29,14352055.743286015,13757001.277618015,595054.465668,4046.73999,Long,1.44,0.99,0.44,-0.01
2023-03-30,14385529.777618015,13757001.277618015,628528.5,4056.179932,Long,1.44,1.0,0.44,-0.0
2023-03-31,14548717.630216017,13757001.277618015,791716.3525980012,4102.200195,Long,1.45,1.01,0.45,0.01
2023-04-03,14640309.356356014,13757001.277618015,883308.078737999,4128.029785,Long,1.46,1.01,0.46,0.01
2023-04-04,14521412.738746015,13757001.277618015,764411.4611279999,4094.5,Long,1.45,1.0,0.45,0.0
2023-04-05,14474073.291238016,13757001.277618015,717072.0136200003,4081.149902,Long,1.45,1.0,0.45,0.0
2023-04-06,14488434.764992015,13757001.277618015,731433.4873740001,4085.199951,Long,1.45,1.0,0.45,0.0
2023-04-10,14577404.217040017,13757001.277618015,820402.9394220015,4110.290039,Long,1.46,1.01,0.46,0.01
2023-04-11,14617935.621136015,13757001.277618015,860934.3435180009,4121.720215,Long,1.46,1.01,0.46,0.01
2023-04-12,14541057.717040017,13757001.277618015,784056.4394220015,4100.040039,Long,1.45,1.01,0.45,0.01
2023-04-13,14683145.312944014,13757001.277618015,926144.0353259988,4140.109863,Long,1.47,1.02,0.47,0.02
2023-04-14,14672720.282158015,13757001.277618015,915719.0045400001,4137.169922,Long,1.47,1.02,0.47,0.02
2023-04-17,14768780.868982015,13757001.277618015,1011779.5913640005,4164.259766,Long,1.48,1.02,0.48,0.02
2023-04-18,14680380.195334015,13757001.277618015,923378.9177159998,4139.330078,Long,1.47,1.02,0.47,0.02
2023-04-19,14648997.747826016,13757001.277618015,891996.4702080002,4130.47998,Long,1.46,1.01,0.46,0.01
2023-04-20,14654884.664548017,13757001.277618015,897883.3869300011,4132.140137,Long,1.47,1.01,0.47,0.01
2023-04-21,14654635.334650015,13757001.277618015,897634.0570320005,4132.069824,Long,1.47,1.01,0.47,0.01
2023-04-24,14634637.142842015,13757001.277618015,877635.8652239995,4126.430176,Long,1.46,1.01,0.46,0.01
2023-04-25,14497583.721580015,13757001.277618015,740582.443962,4087.780029,Long,1.45,1.0,0.45,0.0
2023-04-26,14453294.217040015,13757001.277618015,696292.9394219999,4075.290039,Long,1.45,1.0,0.45,0.0
2023-04-27,14645983.303864013,13757001.277618015,888982.0262459986,4129.629883,Long,1.46,1.01,0.46,0.01
2023-04-28,14777753.217040017,13757001.277618015,1020751.9394220015,4166.790039,Long,1.48,1.02,0.48,0.02
2023-05-01,14768214.686254015,13757001.277618015,1011213.4086359995,4164.100098,Long,1.48,1.02,0.48,0.02
2023-05-02,14619814.238746015,13757001.277618015,862812.9611279999,4122.25,Long,1.46,1.01,0.46,0.01
2023-05-03,14464561.490026262,14464561.490026262,0.0,4082.550049,Short,1.45,1.0,0.45,0.0
2023-05-04,14456837.994493261,14464561.490026262,-7723.4955330004395,4084.72998,Short,1.45,1.0,0.45,0.0
2023-05-05,14271716.244493261,14464561.490026262,-192845.24553300044,4136.97998,Short,1.43,1.02,0.43,0.02
2023-05-08,14316818.563633261,14464561.490026262,-147742.9263930002,4124.25,Short,1.43,1.01,0.43,0.01
2023-05-09,14247764.664571261,14464561.490026262,-216796.82545499975,4143.740234,Short,1.42,1.02,0.42,0.02
2023-05-10,14288509.164571261,14464561.490026262,-176052.32545499975,4132.240234,Short,1.43,1.01,0.43,0.01
2023-05-11,14266188.95545626,14464561.490026262,-198372.53457000174,4138.540039,Short,1.43,1.02,0.43,0.02
2023-05-12,14308315.71084726,14464561.490026262,-156245.7791790006,4126.649902,Short,1.43,1.01,0.43,0.01
2023-05-15,14303708.77274826,14464561.490026262,-160852.71727800142,4127.950195,Short,1.43,1.01,0.43,0.01
2023-05-16,14321778.416419262,14464561.490026262,-142783.0736069998,4122.850098,Short,1.43,1.01,0.43,0.01
2023-05-17,14198375.450065263,14464561.490026262,-266186.0399609997,4157.680176,Short,1.42,1.02,0.42,0.02
2023-05-18,14033733.21084726,14464561.490026262,-430828.2791790006,4204.149902,Short,1.4,1.03,0.4,0.03
2023-05-19,14081103.535378262,14464561.490026262,-383457.9546479992,4190.779785,Short,1.41,1.03,0.41,0.03
2023-05-22,14130634.604518263,14464561.490026262,-333926.885507999,4176.799805,Short,1.41,1.02,0.41,0.02
2023-05-23,14285959.171810264,14464561.490026262,-178602.31821599865,4132.959961,Short,1.43,1.01,0.43,0.01
2023-05-24,14190632.24141844,14190632.24141844,0.0,4155.709961,Long,1.42,1.02,0.42,0.02
2023-05-25,14192169.20714844,14190632.24141844,1536.9657300011913,4156.160156,Long,1.42,1.02,0.42,0.02
2023-05-26,14433026.24141844,14190632.24141844,242394.0,4226.709961,Long,1.44,1.04,0.44,0.04
2023-05-30,14310225.593440441,14190632.24141844,119593.35202200105,4190.740234,Long,1.43,1.03,0.43,0.03
2023-05-31,14283902.12055444,14190632.24141844,93269.87913600053,4183.029785,Long,1.43,1.03,0.43,0.03
2023-06-01,14481845.775688441,14190632.24141844,291213.5342700019,4241.009766,Long,1.45,1.04,0.45,0.04
2023-06-02,14625167.093440441,14190632.24141844,434534.85202200105,4282.990234,Long,1.46,1.05,0.46,0.05
2023-06-05,14585392.66198044,14190632.24141844,394760.42056200176,4271.339844,Long,1.46,1.05,0.46,0.05
2023-06-06,14633633.748574443,14190632.24141844,443001.50715600245,4285.470215,Long,1.46,1.05,0.46,0.05
2023-06-07,14576345.89313844,14190632.24141844,385713.65172000026,4268.689941,Long,1.46,1.05,0.46,0.05
2023-06-08,14699898.35512644,14190632.24141844,509266.11370800016,4304.879883,Long,1.47,1.06,0.47,0.06
2023-06-09,14711642.313700441,14190632.24141844,521010.072282002,4308.319824,Long,1.47,1.06,0.47,0.06
2023-06-12,14862848.506846441,14190632.24141844,672216.2654280004,4352.609863,Long,1.49,1.07,0.49,0.07
2023-06-13,14909552.627710443,14190632.24141844,718920.386292003,4366.290039,Long,1.49,1.07,0.49,0.07
2023-06-14,14906275.32085644,14190632.24141844,715643.0794380014,4365.330078,Long,1.49,1.07,0.49,0.07
2023-06-15,15164442.400294442,14190632.24141844,973810.1588760026,4440.950195,Long,1.52,1.09,0.52,0.09
2023-06-16,15011357.506846441,14190632.24141844,820725.2654280004,4396.109863,Long,1.5,1.08,0.5,0.08
2023-06-20,14956391.775688441,14190632.24141844,765759.5342700019,4380.009766,Long,1.5,1.07,0.5,0.07
2023-06-21,14872373.699992443,14190632.24141844,681741.4585740019,4355.399902,Long,1.49,1.07,0.49,0.07
2023-06-22,14868174.548272442,14190632.24141844,677542.3068540016,4354.169922,Long,1.49,1.07,0.49,0.07
2023-06-23,14836321.66198044,14190632.24141844,645689.4205620018,4344.839844,Long,1.48,1.07,0.48,0.07
2023-06-26,14810785.006846441,14190632.24141844,620152.7654280004,4337.359863,Long,1.48,1.06,0.48,0.06
2023-06-27,14913615.086284442,14190632.24141844,722982.8448660017,4367.47998,Long,1.49,1.07,0.49,0.07
2023-06-28,14939083.39313844,14190632.24141844,748451.1517200002,4374.939941,Long,1.49,1.07,0.49,0.07
2023-06-29,15101248.39313844,14190632.24141844,910616.1517200002,4422.439941,Long,1.51,1.09,0.51,0.09
2023-06-30,15196977.086284442,14190632.24141844,1006344.8448660017,4450.47998,Long,1.52,1.09,0.52,0.09
2023-07-03,15168163.127710443,14190632.24141844,977530.886292003,4442.040039,Long,1.52,1.09,0.52,0.09
2023-07-05,15101863.514002442,14190632.24141844,911231.2725840028,4422.620117,Long,1.51,1.09,0.51,0.09
2023-07-06,15040138.127710443,14190632.24141844,849505.886292003,4404.540039,Long,1.5,1.08,0.5,0.08
2023-07-07,15004939.586284442,14190632.24141844,814307.3448660017,4394.22998,Long,1.5,1.08,0.5,0.08
2023-07-10,15077725.468834441,14190632.24141844,887093.2274160003,4415.549805,Long,1.51,1.08,0.51,0.08
2023-07-11,15255731.89313844,14190632.24141844,1065099.6517200002,4467.689941,Long,1.53,1.1,0.53,0.1
2023-07-12,15337019.434564441,14190632.24141844,1146387.1931460015,4491.5,Long,1.53,1.1,0.53,0.1
2023-07-13,15415916.506846441,14190632.24141844,1225284.2654280004,4514.609863,Long,1.54,1.11,0.54,0.11
2023-07-14,15396286.006846441,14190632.24141844,1205653.7654280004,4508.859863,Long,1.54,1.11,0.54,0.11
2023-07-17,15440394.62055444,14190632.24141844,1249762.3791360005,4521.779785,Long,1.54,1.11,0.54,0.11
2023-07-18,15584091.014002442,14190632.24141844,1393458.772584003,4563.870117,Long,1.56,1.12,0.56,0.12
2023-07-19,15551691.35512644,14190632.24141844,1361059.1137080002,4554.379883,Long,1.56,1.12,0.56,0.12
2023-07-20,15537285.20714844,14190632.24141844,1346652.9657300012,4550.160156,Long,1.55,1.12,0.55,0.12
2023-07-21,15514172.362282442,14190632.24141844,1323540.1208640025,4543.390137,Long,1.55,1.11,0.55,0.11
2023-07-24,15554456.89313844,14190632.24141844,1363824.6517200002,4555.189941,Long,1.56,1.12,0.56,0.12
2023-07-25,15567327.74141844,14190632.24141844,1376695.5,4558.959961,Long,1.56,1.12,0.56,0.12
2023-07-26,15701497.275688441,14190632.24141844,1510865.0342700018,4598.259766,Long,1.57,1.13,0.57,0.13
2023-07-27,15590508.934564441,14190632.24141844,1399876.6931460015,4565.75,Long,1.56,1.12,0.56,0.12
2023-07-28,15655613.313700441,14190632.24141844,1464981.072282002,4584.819824,Long,1.57,1.13,0.57,0.13
2023-07-31,15635164.32085644,14190632.24141844,1444532.0794380014,4578.830078,Long,1.56,1.12,0.56,0.12
2023-08-01,15539914.055428442,14190632.24141844,1349281.814010001,4550.930176,Long,1.55,1.12,0.55,0.12
2023-08-02,15346476.282844441,14190632.24141844,1155844.0414260013,4494.27002,Long,1.53,1.1,0.53,0.1
2023-08-03,15413697.74141844,14190632.24141844,1223065.5,4513.959961,Long,1.54,1.11,0.54,0.11
2023-08-04,15337292.82085644,14190632.24141844,1146660.5794380014,4491.580078,Long,1.53,1.1,0.53,0.1
2023-08-07,15359312.12055444,14190632.24141844,1168679.8791360005,4498.029785,Long,1.54,1.1,0.54,0.1
2023-08-08,15371397.813700441,14190632.24141844,1180765.572282002,4501.569824,Long,1.54,1.1,0.54,0.1
2023-08-09,15322203.20714844,14190632.24141844,1131570.9657300012,4487.160156,Long,1.53,1.1,0.53,0.1
2023-08-10,15197693.89313844,14190632.24141844,1007061.6517200002,4450.689941,Long,1.52,1.09,0.52,0.09
2023-08-11,15223093.85512644,14190632.24141844,1032461.6137080002,4458.129883,Long,1.52,1.09,0.52,0.09
2023-08-14,15293901.014002442,14190632.24141844,1103268.772584003,4478.870117,Long,1.53,1.1,0.53,0.1
2023-08-15,15139997.627710443,14190632.24141844,949365.386292003,4433.790039,Long,1.51,1.09,0.51,0.09
2023-08-16,15080354.313700441,14190632.24141844,889722.072282002,4416.319824,Long,1.51,1.08,0.51,0.08
2023-08-17,14836458.35512644,14190632.24141844,645826.1137080002,4344.879883,Long,1.48,1.07,0.48,0.07
2023-08-18,14957313.62055444,14190632.24141844,766681.3791360005,4380.279785,Long,1.5,1.07,0.5,0.07
2023-08-21,15076975.32085644,14190632.24141844,886343.0794380014,4415.330078,Long,1.51,1.08,0.51,0.08
2023-08-22,15012484.39313844,14190632.24141844,821852.1517200002,4396.439941,Long,1.5,1.08,0.5,0.08
2023-08-23,15212955.20714844,14190632.24141844,1022322.9657300012,4455.160156,Long,1.52,1.09,0.52,0.09
2023-08-24,14988381.35512644,14190632.24141844,797749.1137080002,4389.379883,Long,1.5,1.08,0.5,0.08
2023-08-25,15113504.12055444,14190632.24141844,922871.8791360005,4426.029785,Long,1.51,1.09,0.51,0.09
2023-08-28,15136446.934564441,14190632.24141844,945814.6931460014,4432.75,Long,1.51,1.09,0.51,0.09
2023-08-29,15367198.661980443,14190632.24141844,1176566.4205620019,4500.339844,Long,1.54,1.1,0.54,0.1
2023-08-30,15424109.775688441,14190632.24141844,1233477.5342700018,4517.009766,Long,1.54,1.11,0.54,0.11
2023-08-31,15470507.16913644,14190632.24141844,1279874.9277180012,4530.600098,Long,1.55,1.11,0.55,0.11
2023-09-01,15400383.475990443,14190632.24141844,1209751.2345720027,4510.060059,Long,1.54,1.11,0.54,0.11
2023-09-05,15333093.66913644,14190632.24141844,1142461.4277180012,4490.350098,Long,1.53,1.1,0.53,0.1
2023-09-06,15142591.468834441,14190632.24141844,951959.2274160003,4434.549805,Long,1.51,1.09,0.51,0.09
2023-09-07,15184579.23130017,15184579.23130017,0.0,4451.299805,Short,1.52,1.09,0.52,0.09
2023-09-08,15083340.154375168,15184579.23130017,-101239.07692500143,4480.97998,Short,1.51,1.1,0.51,0.1
2023-09-11,15109638.827935169,15184579.23130017,-74940.40336500095,4473.27002,Short,1.51,1.1,0.51,0.1
2023-09-12,15145864.050433168,15184579.23130017,-38715.18086700157,4462.649902,Short,1.51,1.1,0.51,0.1
2023-09-13,15060146.01952017,15184579.23130017,-124433.21178000023,4487.779785,Short,1.51,1.1,0.51,0.1
2023-09-14,15025353.154375168,15184579.23130017,-159226.07692500143,4497.97998,Short,1.5,1.1,0.5,0.1
2023-09-15,15205624.835242169,15184579.23130017,21045.603942000143,4445.129883,Short,1.52,1.09,0.52,0.09
2023-09-18,15204668.824039169,15184579.23130017,20089.592738999097,4445.410156,Short,1.52,1.09,0.52,0.09
2023-09-19,15179427.754906166,15184579.23130017,-5151.476394002435,4452.810059,Short,1.52,1.09,0.52,0.09
2023-09-20,15432100.431969477,15432100.431969477,0.0,4374.359863,Long,1.54,1.07,0.54,0.07
2023-09-21,15317051.000486478,15432100.431969477,-115049.43148299931,4341.740234,Long,1.53,1.07,0.53,0.07
2023-09-22,15207290.34782748,15432100.431969477,-224810.08414199747,4310.620117,Long,1.52,1.06,0.52,0.06
2023-09-25,15215260.542509476,15432100.431969477,-216839.88946000024,4312.879883,Long,1.52,1.06,0.52,0.06
2023-09-26,15108568.792509476,15432100.431969477,-323531.63946000027,4282.629883,Long,1.51,1.05,0.51,0.05
2023-09-27,15062788.399522478,15432100.431969477,-369312.03244699846,4269.649902,Long,1.51,1.05,0.51,0.05
2023-09-28,15269224.675920477,15432100.431969477,-162875.7560489994,4328.180176,Long,1.53,1.06,0.53,0.06
2023-09-29,15115235.305708477,15432100.431969477,-316865.1262609991,4284.52002,Long,1.51,1.05,0.51,0.05
2023-10-02,15063141.445168478,15432100.431969477,-368958.98680099886,4269.75,Long,1.51,1.05,0.51,0.05
2023-10-03,14936451.880274478,15432100.431969477,-495648.551694999,4233.830078,Long,1.49,1.04,0.49,0.04
2023-10-04,15011297.186683387,15011297.186683387,0.0,4259.310059,Short,1.5,1.05,0.5,0.05
2023-10-05,15097705.737163387,15011297.186683387,86408.55047999976,4234.790039,Short,1.51,1.04,0.51,0.04
2023-10-06,14906599.284119388,15011297.186683387,-104697.90256399848,4289.02002,Short,1.49,1.05,0.49,0.05
2023-10-09,14727826.834599387,15011297.186683387,-283470.35208399873,4339.75,Short,1.47,1.06,0.47,0.06
2023-10-10,14633243.224343387,15011297.186683387,-378053.96233999904,4366.589844,Short,1.46,1.07,0.46,0.07
2023-10-11,14582673.48251539,15011297.186683387,-428623.7041679974,4380.939941,Short,1.46,1.08,0.46,0.08
2023-10-12,14654738.249983389,15011297.186683387,-356558.9366999983,4360.490234,Short,1.47,1.07,0.47,0.07
2023-10-13,14718593.542291386,15011297.186683387,-292703.6443920001,4342.370117,Short,1.47,1.07,0.47,0.07
2023-10-16,14708515.385079388,15011297.186683387,-302781.80160399893,4345.22998,Short,1.47,1.07,0.47,0.07
2023-10-17,14665804.089247389,15011297.186683387,-345493.0974359983,4357.350098,Short,1.47,1.07,0.47,0.07
2023-10-18,14777405.205230176,14777405.205230176,0.0,4321.359863,Long,1.48,1.06,0.48,0.06
2023-10-19,14614969.318695176,14777405.205230176,-162435.88653499927,4273.850098,Long,1.46,1.05,0.46,0.05
2023-10-20,14398033.098571178,14777405.205230176,-379372.1066589985,4210.399902,Long,1.44,1.03,0.44,0.03
2023-10-23,14484841.976974178,14777405.205230176,-292563.2282559974,4235.790039,Long,1.45,1.04,0.45,0.04
2023-10-24,14473319.546951178,14777405.205230176,-304085.65827899874,4232.419922,Long,1.45,1.04,0.45,0.04
2023-10-25,14280386.443679176,14777405.205230176,-497018.7615509993,4175.990234,Long,1.43,1.02,0.43,0.02
2023-10-26,14201544.105377177,14777405.205230176,-575861.0998529994,4152.930176,Long,1.42,1.02,0.42,0.02
2023-10-27,14155250.71203618,14777405.205230176,-622154.4931939978,4139.390137,Long,1.42,1.02,0.42,0.02
2023-10-30,14264453.370315177,14777405.205230176,-512951.834914999,4171.330078,Long,1.43,1.02,0.43,0.02
2023-10-31,14366818.032013178,14777405.205230176,-410587.17321699916,4201.27002,Long,1.44,1.03,0.44,0.03
2023-11-01,14595855.973587178,14777405.205230176,-181549.23164299846,4268.259766,Long,1.46,1.05,0.46,0.05
2023-11-02,14821408.135253178,14777405.205230176,44002.93002300134,4334.22998,Long,1.48,1.06,0.48,0.06
2023-11-03,14924115.032013178,14777405.205230176,146709.82678300087,4364.27002,Long,1.49,1.07,0.49,0.07
2023-11-06,14930747.690292176,14777405.205230176,153342.4850619996,4366.209961,Long,1.49,1.07,0.49,0.07
2023-11-07,14992837.263656178,14777405.205230176,215432.05842600245,4384.370117,Long,1.5,1.08,0.5,0.08
2023-11-08,15016907.156997178,14777405.205230176,239501.9517670008,4391.410156,Long,1.5,1.08,0.5,0.08
2023-11-09,14923704.348571178,14777405.205230176,146299.14334100147,4364.149902,Long,1.49,1.07,0.49,0.07
2023-11-10,15069046.906997178,14777405.205230176,291641.70176700084,4406.660156,Long,1.51,1.08,0.51,0.08
2023-11-13,15247894.998718178,14777405.205230176,470489.79348800203,4458.970215,Long,1.52,1.09,0.52,0.09
2023-11-14,15406295.866928177,14777405.205230176,628890.6616979999,4505.299805,Long,1.54,1.11,0.54,0.11
2023-11-15,15378192.620315177,14777405.205230176,600787.4150850009,4497.080078,Long,1.54,1.1,0.54,0.1
2023-11-16,15420826.616928177,14777405.205230176,643421.4116979999,4509.549805,Long,1.54,1.11,0.54,0.11
2023-11-17,15428178.800338179,14777405.205230176,650773.5951080023,4511.700195,Long,1.54,1.11,0.54,0.11
2023-11-20,15520730.532013178,14777405.205230176,743325.3267830008,4538.77002,Long,1.55,1.11,0.55,0.11
2023-11-21,15569519.726974178,14777405.205230176,792114.5217440026,4553.040039,Long,1.56,1.12,0.56,0.12
2023-11-22,15579092.260269178,14777405.205230176,801687.0550390014,4555.839844,Long,1.56,1.12,0.56,0.12
2023-11-24,15575741.705230176,14777405.205230176,798336.5,4554.859863,Long,1.56,1.12,0.56,0.12
2023-11-27,15543910.616928177,14777405.205230176,766505.4116979999,4545.549805,Long,1.55,1.12,0.55,0.12
2023-11-28,15633796.260269178,14777405.205230176,856391.0550390014,4571.839844,Long,1.56,1.12,0.56,0.12
2023-11-29,15560203.662726156,15560203.662726156,0.0,4554.870117,Short,1.56,1.12,0.56,0.12
2023-11-30,15544626.501182158,15560203.662726156,-15577.16154399814,4559.430176,Short,1.55,1.12,0.55,0.12
2023-12-01,15527751.662726156,15560203.662726156,-32452.0,4564.370117,Short,1.55,1.12,0.55,0.12
2023-12-04,15552073.982398158,15560203.662726156,-8129.680327998663,4557.25,Short,1.56,1.12,0.56,0.12
2023-12-05,15453078.370718157,15560203.662726156,-107125.2920079989,4586.22998,Short,1.55,1.13,0.55,0.13
2023-12-06,15512483.075294157,15560203.662726156,-47720.58743199895,4568.839844,Short,1.55,1.12,0.55,0.12
2023-12-07,15487340.116278157,15560203.662726156,-72863.54644799986,4576.200195,Short,1.55,1.12,0.55,0.12
2023-12-08,15428619.274406157,15560203.662726156,-131584.38831999977,4593.390137,Short,1.54,1.13,0.54,0.13
2023-12-11,15343527.84851816,15560203.662726156,-216675.81420799746,4618.299805,Short,1.53,1.13,0.53,0.13
2023-12-12,15248220.116278157,15560203.662726156,-311983.54644799983,4646.200195,Short,1.52,1.14,0.52,0.14
2023-12-13,14992567.209174156,15560203.662726156,-567636.4535520001,4721.040039,Short,1.5,1.16,0.5,0.16
2023-12-14,15015830.370718157,15560203.662726156,-544373.2920079989,4714.22998,Short,1.5,1.16,0.5,0.16
2023-12-15,14977058.435950158,15560203.662726156,-583145.2267759985,4725.580078,Short,1.5,1.16,0.5,0.16
2023-12-18,14915091.727958158,15560203.662726156,-645111.9347679996,4743.720215,Short,1.49,1.16,0.49,0.16
2023-12-19,14843322.370718157,15560203.662726156,-716881.2920079989,4764.72998,Short,1.48,1.17,0.48,0.17
2023-12-20,14981465.209174156,15560203.662726156,-578738.4535520001,4724.290039,Short,1.5,1.16,0.5,0.16
2023-12-21,14880249.528846158,15560203.662726156,-679954.1338799988,4753.919922,Short,1.49,1.17,0.49,0.17
2023-12-22,14863374.690390158,15560203.662726156,-696828.9723359975,4758.859863,Short,1.49,1.17,0.49,0.17
2023-12-26,14813534.116278157,15560203.662726156,-746669.5464479999,4773.450195,Short,1.48,1.17,0.48,0.17
2023-12-27,14769161.143942159,15560203.662726156,-791042.5187839974,4786.439941,Short,1.48,1.17,0.48,0.17
2023-12-28,14781322.30207016,15560203.662726156,-778881.3606559973,4782.879883,Short,1.48,1.17,0.48,0.17
2023-12-29,14910036.116278157,15560203.662726156,-650167.5464479999,4745.200195,Short,1.49,1.16,0.49,0.16
2024-01-02,14978801.463614156,15560203.662726156,-581402.1991119992,4725.069824,Short,1.5,1.16,0.5,0.16
2024-01-03,15057207.142392606,15057207.142392606,0.0,4697.419922,Long,1.51,1.15,0.51,0.15
2024-01-04,15035252.578302605,15057207.142392606,-21954.564089999643,4690.569824,Long,1.5,1.15,0.5,0.15
2024-01-05,15077335.417357607,15057207.142392606,20128.274965000983,4703.700195,Long,1.51,1.15,0.51,0.15
2024-01-08,15199862.506462606,15057207.142392606,142655.36406999937,4741.930176,Long,1.52,1.16,0.52,0.16
2024-01-09,15257583.803287605,15057207.142392606,200376.6608949987,4759.939941,Long,1.53,1.17,0.53,0.17
2024-01-10,15360752.567397604,15057207.142392606,303545.42500499863,4792.129883,Long,1.54,1.18,0.54,0.18
2024-01-11,15357708.756462606,15057207.142392606,300501.61406999937,4791.180176,Long,1.54,1.18,0.54,0.18
2024-01-12,15297358.356472606,15057207.142392606,240151.2140799995,4772.350098,Long,1.53,1.17,0.53,0.17
2024-01-16,15190887.567397604,15057207.142392606,133680.4250049986,4739.129883,Long,1.52,1.16,0.52,0.16
2024-01-17,15258097.106472606,15057207.142392606,200889.9640799995,4760.100098,Long,1.53,1.17,0.53,0.17
2024-01-18,15374053.003307605,15057207.142392606,316845.860914999,4796.279785,Long,1.54,1.18,0.54,0.18
2024-01-19,15557187.142392606,15057207.142392606,499980.0,4853.419922,Long,1.56,1.19,0.56,0.19
2024-01-22,15568019.667407604,15057207.142392606,510812.52501499874,4856.799805,Long,1.56,1.19,0.56,0.19
2024-01-23,15669811.281477606,15057207.142392606,612604.1390850011,4888.560059,Long,1.57,1.2,0.57,0.2
2024-01-24,15663722.092362605,15057207.142392606,606514.9499699996,4886.660156,Long,1.57,1.2,0.57,0.2
2024-01-25,15670933.342362605,15057207.142392606,613726.1999699996,4888.910156,Long,1.57,1.2,0.57,0.2
2024-01-26,15683881.667357607,15057207.142392606,626674.524965001,4892.950195,Long,1.57,1.2,0.57,0.2
2024-01-29,15789454.181467606,15057207.142392606,732247.0390750009,4925.890137,Long,1.58,1.21,0.58,0.21
2024-01-30,15703880.053287605,15057207.142392606,646672.9108949987,4899.189941,Long,1.57,1.2,0.57,0.2
